{"fromhead":"\u52a8\u529b\u65e0\u9650\u79d1\u6280\u6709\u9650\u516c\u53f8",
  "fromphoto":"http:\/\/wx.qlogo.cn\/mmopen\/Pbc0dpMqRqqEx6aDqJwG4e7oElqYYXpVD2ThG9xK1PJJyUicGIFh9VXibGLcbMCbIRnhtNfYO8ibiaCKjnwic6ojlsxNw7wsKibdd5\/0",
  "fuser":"ead259c965825dbcf72bb1d357b328bd",
  "touser":"dfbd4057fc7fd9f94e239cee6daf8f2e",
  "msg":"\u54c8\u54af",
  "tformat":"2017-08-08 08:45:58",
  "tstamp":1502181958,
  "shopname":"\u6d4b\u8bd5\u8d26\u53f7",
  "logo":"http:\/\/www.heigushop.com\/Uploads\/seller_shop\/shoplogo_3691.jpg"}